Variant,C,E,rouge_l_f1,cosine_similarity,levenshtein
Hybrid,35,6,0.33757961783439405,0.44172689318656905,0.335999999999999
Hybrid,35,6,0.304054054054054,0.42626041173934903,0.38992974238875805
Hybrid,35,6,0.421917808219178,0.64006096124649,0.34136546184738903
Hybrid,35,6,0.415512465373961,0.45390054583549505,0.49354243542435405
Hybrid,35,6,0.236263736263736,0.46401876211166304,0.290780141843971
Hybrid,35,6,0.398891966759002,0.5714318752288811,0.342429577464788
Hybrid,35,6,0.19335347432024103,0.541616976261138,0.2961210974456
Hybrid,35,6,0.48587570621468906,0.6403978466987611,0.528971962616822
Hybrid,35,6,0.464285714285714,0.37928494811058006,0.514506769825918
Hybrid,35,6,0.37373737373737304,0.47293156385421703,0.341071428571428
Hybrid,35,6,0.29673590504451003,0.41682222485542303,0.2900390625
Hybrid,35,6,0.401179941002949,0.601828634738922,0.430162810625535
Hybrid,35,6,0.39335180055401603,0.5854755640029901,0.30079858030168505
Hybrid,35,6,0.419161676646706,0.649727463722229,0.47319587628865906
Hybrid,35,6,0.399999999999999,0.586589336395263,0.43389199255121
Hybrid,35,6,0.265861027190332,0.36650007963180503,0.272073921971252
Hybrid,35,6,0.264264264264264,0.576784491539001,0.279193205944798
Hybrid,35,6,0.29411764705882304,0.44245901703834506,0.36372453928225
Hybrid,35,6,0.27863777089783204,0.5460606217384331,0.357298474945533
Hybrid,35,6,0.44720496894409906,0.49074774980545005,0.48325892857142805
Hybrid,35,6,0.319999999999999,0.47021102905273404,0.40515222482435603
Hybrid,35,6,0.5014409221902011,0.580327212810516,0.446428571428571
Hybrid,35,6,0.39306358381502804,0.5586940050125121,0.427368421052631
Hybrid,35,6,0.15805471124620002,0.451717913150787,0.260775862068965
Hybrid,35,6,0.526627218934911,0.591665565967559,0.53469387755102
Hybrid,35,6,0.35593220338983,0.551330685615539,0.335828877005347
Hybrid,35,6,0.454022988505747,0.565965116024017,0.45109211775878405
Hybrid,35,6,0.38953488372093004,0.6238692402839661,0.40281030444964805
Hybrid,35,6,0.5434782608695651,0.5983811020851131,0.49383886255924103
Hybrid,35,6,0.291545189504373,0.42533463239669805,0.381618381618381
Hybrid,35,6,0.32530120481927705,0.551477074623107,0.38
Hybrid,35,6,0.36990595611285204,0.5408556461334221,0.352
Hybrid,35,6,0.41025641025641,0.514941811561584,0.309386973180076
Hybrid,35,6,0.451428571428571,0.5459576845169061,0.30255057167985905
Hybrid,35,6,0.19020172910662803,0.41706433892250006,0.278735632183908
Hybrid,35,6,0.43401759530791706,0.485904663801193,0.494527363184079
Hybrid,35,6,0.44247787610619405,0.578840672969818,0.37715517241379304
Hybrid,35,6,0.37356321839080403,0.455597728490829,0.44120505344995103
Hybrid,35,6,0.179566563467492,0.36987781524658203,0.27558257345491305
Hybrid,35,6,0.50595238095238,0.6490958333015441,0.55076923076923
Hybrid,35,6,0.5,0.6334930062294001,0.511627906976744
Hybrid,35,6,0.343949044585987,0.480265885591506,0.299765807962529
Hybrid,35,6,0.35220125786163503,0.5814009308815,0.382955771305285
Hybrid,35,6,0.454828660436137,0.452318608760833,0.44284243048403704
Hybrid,35,6,0.41337386018237005,0.507179975509643,0.428416485900216
Hybrid,35,6,0.366279069767441,0.46704915165901106,0.27751756440281
Hybrid,35,6,0.354740061162079,0.5902630090713501,0.279138099902056
Hybrid,35,6,0.412790697674418,0.67359709739685,0.47745098039215605
Hybrid,35,6,0.21301775147928903,0.515759944915771,0.335466179159049
Hybrid,35,6,0.35820895522388,0.44247597455978305,0.41444114737883203
Hybrid,35,6,0.300884955752212,0.464689165353775,0.37074517019319203
Hybrid,35,6,0.31578947368421,0.43831488490104603,0.401135288552507
Hybrid,35,6,0.40476190476190405,0.49263572692871005,0.37308868501529
Hybrid,35,6,0.31003039513677805,0.403594374656677,0.323464912280701
Hybrid,35,6,0.5545722713864301,0.512467145919799,0.47609147609147606
Hybrid,35,6,0.36809815950920205,0.563328683376312,0.448275862068965
Hybrid,35,6,0.426512968299711,0.624486029148101,0.450538687561214
Hybrid,35,6,0.38181818181818106,0.443923383951187,0.41188959660297203
Hybrid,35,6,0.43425076452599304,0.532070040702819,0.45698924731182805
Hybrid,35,6,0.304878048780487,0.46330282092094405,0.28800000000000003
Hybrid,35,6,0.325732899022801,0.45464435219764704,0.346604215456674
Hybrid,35,6,0.34031413612565403,0.49789831042289706,0.405601659751037
Hybrid,35,6,0.335329341317365,0.46115529537200906,0.36226034308779004
Hybrid,35,6,0.30681818181818105,0.560690343379974,0.318866253321523
Hybrid,35,6,0.308571428571428,0.45200967788696206,0.28717472118959103
Hybrid,35,6,0.291793313069908,0.620249927043914,0.267232237539766
Hybrid,35,6,0.510526315789473,0.54092401266098,0.5436408977556111
Hybrid,35,6,0.186851211072664,0.47575557231903004,0.297853309481216
Hybrid,35,6,0.329670329670329,0.53406274318695,0.33238904627006605
Hybrid,35,6,0.27702702702702703,0.43551793694496105,0.343091334894613
Hybrid,35,6,0.48739495798319304,0.5399370789527891,0.35757575757575705
Hybrid,35,6,0.49112426035502904,0.6599455475807191,0.322016460905349
Hybrid,35,6,0.39274924471299105,0.547537088394165,0.41841004184100405
Hybrid,35,6,0.38709677419354804,0.598363876342773,0.29436769394261403
Hybrid,35,6,0.413994169096209,0.5564920902252191,0.41715976331360904
Hybrid,35,6,0.15272727272727202,0.507091343402862,0.282982791586998
Hybrid,35,6,0.43613707165109006,0.46214178204536405,0.443946188340807
Hybrid,35,6,0.459214501510574,0.5724775791168211,0.5178947368421051
Hybrid,35,6,0.42815249266862104,0.5856332778930661,0.40333660451422904
Hybrid,35,6,0.322188449848024,0.5267621278762811,0.41200828157349906
Hybrid,35,6,0.220238095238095,0.504554510116577,0.279589934762348
Hybrid,35,6,0.389548693586698,0.6126908063888551,0.31147540983606503
Hybrid,35,6,0.504398826979472,0.512297749519348,0.28763440860215
Hybrid,35,6,0.30113636363636304,0.491073280572891,0.34207968901846403
Hybrid,35,6,0.45014245014245,0.400448501110076,0.5018867924528301
Hybrid,35,6,0.37086092715231705,0.5937622189521791,0.274004683840749
Hybrid,35,6,0.35734870317002804,0.44009044766426003,0.28698752228163904
Hybrid,35,6,0.41860465116279005,0.630160212516784,0.29187071498530803
Hybrid,35,6,0.414414414414414,0.5467033386230461,0.382743362831858
Hybrid,35,6,0.163141993957703,0.434278696775436,0.26659751037344404
Hybrid,35,6,0.30303030303030304,0.604122579097747,0.306865177832919
Hybrid,35,6,0.548571428571428,0.507223725318908,0.521823472356935
Hybrid,35,6,0.305084745762711,0.525264739990234,0.387776606954689
Hybrid,35,6,0.42541436464088406,0.5310237407684321,0.44003690036900306
Hybrid,35,6,0.16860465116279003,0.422763496637344,0.29104477611940205
Hybrid,35,6,0.32894736842105204,0.327903002500534,0.33840749414519905
Hybrid,35,6,0.501408450704225,0.559774816036224,0.46480331262939906
Hybrid,35,6,0.256983240223463,0.45580950379371604,0.300089047195013
Hybrid,35,6,0.219020172910662,0.43754017353057806,0.291390728476821
Hybrid,35,6,0.32258064516129004,0.48555365204811,0.36318897637795206
Semantic,35,6,0.40935672514619803,0.656152486801147,0.490803484995159
Semantic,35,6,0.44057971014492703,0.611382544040679,0.49303621169916406
Semantic,35,6,0.312101910828025,0.6459745168685911,0.29981549815498104
Semantic,35,6,0.45731707317073106,0.61016821861267,0.479166666666666
Semantic,35,6,0.40372670807453404,0.7273259162902831,0.43380855397148604
Semantic,35,6,0.327974276527331,0.6605764031410211,0.37869292748433303
Semantic,35,6,0.464831804281345,0.569638311862945,0.47270854788877403
Semantic,35,6,0.518134715025906,0.6505216956138611,0.38449731389102004
Semantic,35,6,0.430939226519336,0.571807622909545,0.29293809938971205
Semantic,35,6,0.48823529411764705,0.650562405586242,0.462606837606837
Semantic,35,6,0.425531914893617,0.65151971578598,0.30379746835443
Semantic,35,6,0.171974522292993,0.539902091026306,0.28207547169811303
Semantic,35,6,0.40883977900552404,0.680227518081665,0.43553299492385705
Semantic,35,6,0.339622641509433,0.608619153499603,0.298899237933954
Semantic,35,6,0.388888888888888,0.5990360379219051,0.44982078853046503
Semantic,35,6,0.40455840455840403,0.623285055160522,0.47201336675020805
Semantic,35,6,0.604904632152588,0.8289721608161921,0.587765957446808
Semantic,35,6,0.42666666666666603,0.7285413742065431,0.454326923076923
Semantic,35,6,0.462962962962962,0.6214748620986931,0.349358974358974
Semantic,35,6,0.40366972477064206,0.670717239379882,0.461458333333333
Semantic,35,6,0.42391304347826003,0.5720999836921691,0.304239401496259
Semantic,35,6,0.532258064516129,0.8259006738662721,0.5133276010318141
Semantic,35,6,0.35519125683060104,0.58565068244934,0.44239226033421203
Semantic,35,6,0.18390804597701102,0.525526583194732,0.295677799607072
Semantic,35,6,0.369696969696969,0.608190238475799,0.411273486430062
Semantic,35,6,0.347560975609756,0.5870283246040341,0.37772925764192106
Semantic,35,6,0.415430267062314,0.622424185276031,0.47474747474747403
Semantic,35,6,0.29729729729729704,0.544754326343536,0.35804416403785405
Semantic,35,6,0.305389221556886,0.6104331612586971,0.28411214953271
Semantic,35,6,0.363095238095238,0.6246486306190491,0.455633100697906
Semantic,35,6,0.386167146974063,0.700286030769348,0.31780821917808205
Semantic,35,6,0.460122699386503,0.679944694042205,0.500954198473282
Semantic,35,6,0.44378698224852003,0.718773603439331,0.50733752620545
Semantic,35,6,0.327044025157232,0.6185011267662041,0.364148816234498
Semantic,35,6,0.301775147928994,0.6487596631050111,0.276104417670682
Semantic,35,6,0.399999999999999,0.6205647587776181,0.48231511254019205
Semantic,35,6,0.379518072289156,0.6385390758514401,0.39980638915779204
Semantic,35,6,0.262820512820512,0.5434108972549431,0.282608695652173
Semantic,35,6,0.33516483516483503,0.6356313824653621,0.430346051464063
Semantic,35,6,0.35031847133757904,0.5455965995788571,0.322784810126582
Semantic,35,6,0.30547550432276604,0.657103538513183,0.290199809705042
Semantic,35,6,0.39370078740157405,0.5626535415649411,0.358102059086839
Semantic,35,6,0.321428571428571,0.7131381630897521,0.37762906309751404
Semantic,35,6,0.447058823529411,0.604630827903747,0.4540059347181
Semantic,35,6,0.533742331288343,0.6348833441734311,0.540314136125654
Semantic,35,6,0.36036036036036,0.685574233531951,0.33138173302107704
Semantic,35,6,0.420749279538904,0.6166338324546811,0.30343511450381605
Semantic,35,6,0.43859649122807004,0.589616239070892,0.38418079096045205
Semantic,35,6,0.35294117647058804,0.6712515354156491,0.40674394099051603
Semantic,35,6,0.252307692307692,0.48605966567993103,0.30524152106885905
Semantic,35,6,0.470284237726098,0.605781614780426,0.48599545798637406
Semantic,35,6,0.29585798816568004,0.51486200094223,0.35909980430528304
Semantic,35,6,0.41690140845070406,0.659245669841766,0.49473684210526303
Semantic,35,6,0.41194029850746205,0.6900113224983211,0.46847720659553804
Semantic,35,6,0.391959798994974,0.597819566726684,0.36696562032884905
Semantic,35,6,0.41250000000000003,0.686217844486236,0.44533029612756203
Semantic,35,6,0.26890756302521,0.578878760337829,0.29906542056074703
Semantic,35,6,0.419161676646706,0.6423433423042291,0.36795252225519204
Semantic,35,6,0.5519287833827891,0.6574632525444031,0.495336787564766
Semantic,35,6,0.361581920903954,0.657239913940429,0.35251798561151004
Semantic,35,6,0.501204819277108,0.629998385906219,0.42654364797728805
Semantic,35,6,0.5165165165165161,0.6711959838867181,0.44266917293233005
Semantic,35,6,0.292207792207792,0.606994092464447,0.327702702702702
Semantic,35,6,0.5630498533724341,0.6104490160942071,0.611955420466058
Semantic,35,6,0.40615384615384603,0.5984113216400141,0.289808917197452
Semantic,35,6,0.440366972477064,0.5807394385337831,0.527108433734939
Semantic,35,6,0.17283950617283902,0.5464706420898431,0.28974895397489503
Semantic,35,6,0.5122615803814711,0.6950269937515251,0.512089810017271
Semantic,35,6,0.38297872340425504,0.5791438817977901,0.368809272918862
Semantic,35,6,0.48876404494382003,0.6479418277740471,0.504871567759078
Semantic,35,6,0.507204610951008,0.7640226483345031,0.4364694471387
Semantic,35,6,0.410526315789473,0.738119482994079,0.31460674157303303
Semantic,35,6,0.295890410958904,0.605986714363098,0.295986622073578
Semantic,35,6,0.47093023255813904,0.6515539288520811,0.39903381642512004
Semantic,35,6,0.261363636363636,0.59688663482666,0.296452702702702
Semantic,35,6,0.168421052631578,0.5807476639747621,0.27283372365339503
Semantic,35,6,0.40588235294117603,0.6727492213249201,0.49201596806387204
Semantic,35,6,0.39616613418530305,0.725482702255249,0.444687842278203
Semantic,35,6,0.532934131736526,0.715441703796386,0.584946236559139
Semantic,35,6,0.43859649122807004,0.643268287181854,0.351532567049808
Semantic,35,6,0.43227665706051804,0.6744394898414611,0.322610294117647
Semantic,35,6,0.447592067988668,0.6212942004203791,0.48068283917340504
Semantic,35,6,0.409207161125319,0.614168286323547,0.29102167182662503
Semantic,35,6,0.395778364116095,0.6448016166687011,0.300727566693613
Semantic,35,6,0.385869565217391,0.585264980792999,0.44149377593360906
Semantic,35,6,0.42857142857142805,0.6000872850418091,0.480037140204271
Semantic,35,6,0.36800000000000005,0.598166704177856,0.29731993299832404
Semantic,35,6,0.415430267062314,0.7054094076156611,0.45324427480916
Semantic,35,6,0.29487179487179405,0.570650696754455,0.265807962529273
Semantic,35,6,0.35734870317002804,0.6728577613830561,0.424746075715604
Semantic,35,6,0.269938650306748,0.591846406459808,0.278260869565217
Semantic,35,6,0.401234567901234,0.6783976554870601,0.401402278702892
Semantic,35,6,0.49418604651162706,0.6893129944801331,0.531548757170172
Semantic,35,6,0.41250000000000003,0.68728619813919,0.39371727748691104
Semantic,35,6,0.40350877192982404,0.591809928417205,0.32945285215366704
Semantic,35,6,0.512820512820512,0.620973467826843,0.539145907473309
Semantic,35,6,0.40533333333333305,0.566074788570404,0.45833333333333304
Semantic,35,6,0.47507331378299106,0.665160477161407,0.49043977055449306
Semantic,35,6,0.37500000000000006,0.6319059133529661,0.37706270627062705
Semantic,35,6,0.432584269662921,0.6500030755996701,0.37305224564619605
Static Baseline,20,6,0.42424242424242403,0.7241527438163751,0.48490230905861403
Static Baseline,20,2,0.27605633802816903,0.6625592708587641,0.35212569316081305
Static Baseline,35,6,0.6102719033232621,0.755022943019866,0.600638977635782
Static Baseline,35,2,0.61671469740634,0.715669751167297,0.602822580645161
